Incident ID,Incident Date,State,City Or County,Address,Victims Killed,Victims Injured,Suspects Killed,Suspects Injured,Suspects Arrested,Operations
2790854,31-Dec-23,California,Hawthorne,14125 Crenshaw Blvd,1,5,0,0,0,N/A
2791341,31-Dec-23,North Carolina,Charlotte,300 S Church St,0,5,0,0,1,N/A
2793000,31-Dec-23,Louisiana,New Roads,N/A,1,3,0,0,1,N/A
2791696,31-Dec-23,South Carolina,Little River,3389 Hwy 9 E,2,2,0,0,0,N/A
2790081,30-Dec-23,Colorado,Denver,4888 W Colfax Ave,2,2,0,0,0,N/A
2790633,30-Dec-23,Texas,Beaumont,6500 block of Bigner Rd,1,4,0,0,0,N/A
2790559,30-Dec-23,Florida,Gainesville,1631 NE 16th Ave,0,4,0,0,0,N/A
2786002,24-Dec-23,Florida,Orlando (Lockhart),2800 block of Sudman Way,2,3,0,0,0,N/A
2786444,24-Dec-23,Colorado,Colorado Springs,750 Citadel Dr E,1,3,0,0,1,N/A
2786038,24-Dec-23,Texas,Houston,5828 Martin Luther King Blvd,1,4,0,0,0,N/A
2786401,23-Dec-23,Washington,Seattle,Occidental Ave S and S Washington St,0,5,0,0,0,N/A
2786253,23-Dec-23,Texas,Fort Worth,9325 Cynthia Ct,1,4,0,0,0,N/A
2785646,23-Dec-23,Maryland,Gwynn Oak (Woodlawn),1808 Woodlawn Dr,1,4,0,0,0,N/A
2784986,22-Dec-23,New York,Corona (Queens),117-29 143rd St,1,3,0,0,1,N/A
2784291,21-Dec-23,District of Columbia,Washington,1399 Half St SW,2,2,0,0,0,N/A
2783287,20-Dec-23,Pennsylvania,Philadelphia,7300 block of Chelwynde Ave,1,3,0,0,0,N/A
2780660,17-Dec-23,South Carolina,Ridgeland,51 Riverwalk Blvd,2,2,0,0,3,N/A
2781391,17-Dec-23,Alabama,Gainestown,Walker Springs Rd and Wooded Acres Rd,0,4,0,0,1,N/A
2779489,15-Dec-23,Tennessee,Memphis,3941 Riverdale Rd,2,3,0,0,1,N/A
2779676,15-Dec-23,California,Los Angeles,238 E El Segundo Blvd,1,4,0,0,0,N/A
2779098,14-Dec-23,Illinois,Ashland,308 Philadelphia Rd,3,1,1,0,0,N/A
2775971,11-Dec-23,Nevada,Las Vegas,7545 Oso Blanca Rd,3,1,1,0,0,N/A
2775245,10-Dec-23,Pennsylvania,Philadelphia,2200 block of N Chadwick St,2,2,0,0,0,N/A
2775006,9-Dec-23,Georgia,Atlanta,3005 Peachtree Rd NE,3,1,0,0,0,N/A
2773914,6-Dec-23,Colorado,Peyton,21885 Akawi Way,3,1,1,0,0,N/A
2772021,6-Dec-23,Nevada,Las Vegas,4505 S Maryland Pkwy,3,1,1,0,0,N/A
2771255,5-Dec-23,Texas,Austin,7104 Berkman Dr,6,3,0,0,1,N/A
2770296,4-Dec-23,South Carolina,Lugoff,I-20,1,4,0,0,0,N/A
2769819,3-Dec-23,Texas,Dallas,9700 block of Royce Dr,4,1,1,0,0,N/A
2769728,3-Dec-23,Texas,Houston,4913 Griggs Rd,1,3,0,0,0,N/A
2769652,3-Dec-23,Minnesota,Minneapolis,403 14th Ave SE,2,2,0,0,1,N/A
2770132,3-Dec-23,Washington,Vancouver,11511 NE 92nd St,4,0,1,0,0,N/A
2769880,2-Dec-23,Ohio,Columbus,400 block of N Ohio Ave,0,4,0,0,0,N/A
2770501,2-Dec-23,Ohio,Cleveland,2200 block of St Clair Ave,0,4,0,0,0,N/A
2769181,2-Dec-23,California,Fresno,4300 block of E Olive Ave,2,2,0,0,1,N/A
2769379,2-Dec-23,Colorado,Aurora,1300 block of Joliet St,0,4,0,0,1,N/A
2769574,2-Dec-23,Mississippi,Mccomb,560 Presley Blvd,0,5,0,0,0,N/A
2768663,1-Dec-23,Nevada,Las Vegas,E Charleston Blvd and N Honolulu St,3,2,0,0,2,N/A
2767813,29-Nov-23,North Carolina,Lexington,7000 block of NC-8,0,5,0,0,1,N/A
2767246,29-Nov-23,Illinois,Chicago,3600 block of W Flournoy St,1,3,0,0,1,N/A
2764105,26-Nov-23,North Carolina,Winston Salem (Winston-salem),3533 N Glenn Ave,0,4,0,1,1,N/A
2764540,26-Nov-23,California,Los Angeles,836 W 110th St,4,0,0,0,1,N/A
2766505,25-Nov-23,California,Fontana,15500 block of Eastwind Ave,3,1,0,0,1,N/A
2763545,23-Nov-23,Tennessee,Memphis,2707 Kimball Ave,0,4,0,0,0,N/A
2762964,23-Nov-23,Georgia,Decatur,3000 block of Cascade Manor Dr,0,4,0,0,0,N/A
2762712,23-Nov-23,Illinois,Chicago,2000 block of W Monroe St,0,5,0,0,0,N/A
2762803,22-Nov-23,North Carolina,Lumberton,111 W 3rd St,0,6,0,0,1,N/A
2762681,22-Nov-23,Mississippi,Goodman,7213 US-51,1,3,0,0,0,N/A
2761566,21-Nov-23,Pennsylvania,Philadelphia,3200 block of Fairhill St,2,5,0,0,0,N/A
2760537,20-Nov-23,Ohio,Fairborn (Beavercreek),3360 Pentagon Blvd,0,4,1,0,0,N/A
2760730,20-Nov-23,Colorado,Westcliffe,173 Rocky Ridge Rd,3,1,0,0,1,N/A
2759654,19-Nov-23,Texas,Port Arthur,4400 block of Griffing Dr,0,5,0,0,0,N/A
2758871,18-Nov-23,Tennessee,Memphis,3636 Field Lark Dr,4,1,1,0,0,N/A
2759002,18-Nov-23,Arkansas,Little Rock,7101 W 12th St,1,3,0,0,2,N/A
2759046,18-Nov-23,California,Spring Valley,9034 Ildica St,0,5,0,0,0,N/A
2757292,16-Nov-23,Ohio,Willoughby,7166 Mentor Ave,3,1,1,0,0,N/A
2755393,14-Nov-23,Massachusetts,Springfield,31 Morgan St,1,3,0,0,0,N/A
2753283,12-Nov-23,Washington,Puyallup,11500 152nd St E,0,6,0,0,0,N/A
2753565,12-Nov-23,Texas,Pearland,1014 N Main St,1,4,0,0,1,N/A
2753236,11-Nov-23,Virginia,Portsmouth,3500 block of Commonwealth Ave,0,4,0,0,0,N/A
2752208,10-Nov-23,Missouri,Independence,18801 East 39th St S,1,3,0,0,0,N/A
2752316,10-Nov-23,Alabama,Birmingham,I-59 and Bush Blvd,0,4,0,0,1,N/A
2747768,5-Nov-23,Arizona,Phoenix,4300 N 21st Dr,0,4,0,0,0,N/A
2747938,5-Nov-23,Indiana,Indianapolis,5905 Madison Ave,1,5,0,0,0,N/A
2748473,5-Nov-23,Texas,Hempstead,35028 Cameron Rd,0,7,0,0,0,N/A
2748157,5-Nov-23,Georgia,Atlanta,1090 Redford Dr SE,0,6,0,0,0,N/A
2748070,5-Nov-23,Washington,Tacoma,2708 6th Ave,2,3,0,0,1,N/A
2747734,5-Nov-23,Colorado,Denver,5514 E 33rd Ave,2,3,0,2,2,N/A
2747153,4-Nov-23,Ohio,Cleveland (Richmond Heights),500 block of Towne Ln,1,3,0,0,1,N/A
2748287,4-Nov-23,Texas,Galveston,2100 block of The Strand,0,6,0,0,1,N/A
2746785,3-Nov-23,Ohio,Cincinnati,Jones St and Wade St,1,5,0,0,0,N/A
2744799,1-Nov-23,Texas,Dallas,2300 block of 2nd Ave,0,5,0,0,0,N/A
2745105,31-Oct-23,California,Salinas,301 Chaparral St,0,7,0,0,0,N/A
2743289,30-Oct-23,Minnesota,Minneapolis,901 Cedar Ave,0,4,0,0,0,N/A
2743711,29-Oct-23,North Carolina,Wilson,2331 US-301 S,0,4,0,0,1,N/A
2742403,29-Oct-23,Kansas,Dodge City,207 E Wyatt Earp Blvd,2,2,0,0,1,N/A
2742030,29-Oct-23,Florida,Tampa,1600 block of E 7th Ave,2,15,0,0,3,N/A
2742160,29-Oct-23,Georgia,Atlanta,120 Piedmont Ave NE,1,3,0,0,0,N/A
2742012,29-Oct-23,Indiana,Indianapolis,5172 E 65th St,1,9,0,0,0,N/A
2742143,29-Oct-23,Illinois,Chicago,1258 S Pulaski Rd,0,15,0,0,1,N/A
2743269,29-Oct-23,Mississippi,Wiggins,195 Old Hwy 49 S,1,3,0,0,2,N/A
2743031,29-Oct-23,California,Azusa,5400 block of N Banewell Ave,0,4,0,0,0,N/A
2742572,28-Oct-23,New Mexico,Las Cruces,3000 block of Dyer St,0,7,0,0,0,N/A
2742231,28-Oct-23,Louisiana,Lake Charles,Bruce Dr and Opelousas St,0,6,0,0,1,N/A
2742471,28-Oct-23,California,Chula Vista,2015 Birch Rd,0,4,0,0,1,N/A
2742414,28-Oct-23,Georgia,Decatur,3300 block of Glenwood Rd,0,4,0,0,0,N/A
2741453,28-Oct-23,Illinois,Chicago,2000 block of N Lorel Ave,0,4,0,0,0,N/A
2741772,28-Oct-23,Maryland,Cumberland,20 S Mechanic St,1,3,0,0,1,N/A
2741949,28-Oct-23,Texas,Texarkana,715 N Stateline Ave,3,3,0,0,2,N/A
2746094,27-Oct-23,Arkansas,Little Rock,7620 Baseline Rd,1,4,0,0,0,N/A
2741490,27-Oct-23,Ohio,Mansfield,810 Ferndale Rd,2,4,0,0,1,N/A
2739575,26-Oct-23,North Carolina,Clinton,10310 Garland Hwy,5,0,0,0,2,N/A
2738185,25-Oct-23,Maine,Lewiston,24 Mollison Way,18,13,1,0,0,N/A
2737798,24-Oct-23,North Carolina,Greenville,1500 SW Greenville Blvd,1,3,0,0,2,N/A
2736792,23-Oct-23,Illinois,Chicago,6140 S Justine St,1,3,0,0,0,N/A
2737647,23-Oct-23,Colorado,Durango,149 S Camino del Rio,1,3,0,0,3,N/A
2735504,22-Oct-23,Mississippi,Meridian,2409 5th St,1,3,0,0,0,N/A
2735299,22-Oct-23,Arkansas,Pine Bluff,200 University Dr,1,3,0,0,4,N/A
2735026,21-Oct-23,Texas,College Station,2501 Texas Ave S,0,4,0,0,1,N/A
2735343,21-Oct-23,Texas,Borger,718 N Main St,1,3,0,0,1,N/A
2735073,21-Oct-23,California,Santa Maria,1000 block of N School St,1,3,0,0,0,N/A
2735271,21-Oct-23,North Carolina,Fayetteville,1520 Slater Ave,1,3,0,0,1,N/A
2735260,21-Oct-23,California,Oakley,487 Shannon Way,1,3,0,0,1,N/A
2735817,21-Oct-23,Louisiana,Monroe,3100 block of Renwick St,1,5,0,0,2,N/A
2734098,20-Oct-23,Nebraska,Lincoln,13th St and O St,0,4,0,0,3,N/A
2735403,20-Oct-23,Louisiana,Alexandria,1900 block of Kelly St,0,4,0,0,2,N/A
2733549,19-Oct-23,Washington,Toppenish,200 block of Pearne St,3,1,1,0,0,N/A
2733136,18-Oct-23,Ohio,Columbus,200 block of Winner Ave,0,4,0,0,1,N/A
2732484,17-Oct-23,Georgia,Augusta,2 Greene St,0,4,0,0,0,N/A
2731511,16-Oct-23,Maryland,Severn,1159 Reece Rd,0,4,0,0,0,N/A
2731681,16-Oct-23,California,Los Angeles,4410 Lankershim Blvd,3,1,0,0,0,N/A
2731021,15-Oct-23,South Carolina,Barnwell,Quail Rd and Patterson Rd,1,5,0,0,1,N/A
2730602,15-Oct-23,Minnesota,Minneapolis,400 block of N 3rd Ave,0,4,0,0,0,N/A
2729845,14-Oct-23,Colorado,Denver,12445 E 39th Ave,3,3,0,0,0,N/A
2730782,13-Oct-23,Mississippi,Cleveland,1823 S Chrisman Ave,2,2,0,0,1,N/A
2729811,13-Oct-23,Missouri,Kansas City,E 10th St and Indiana Ave,0,5,0,0,0,N/A
2728246,12-Oct-23,Minnesota,Princeton,225 190th Ave NE,0,5,0,1,1,N/A
2727876,10-Oct-23,Wisconsin,Madison,116 Milky Way,1,3,0,0,4,N/A
2725771,8-Oct-23,Illinois,Chicago,316 W Erie St,0,8,0,0,0,N/A
2725838,8-Oct-23,Pennsylvania,Indiana,640 N 5th Ave,1,8,0,0,0,N/A
2726444,8-Oct-23,Louisiana,Gonzales,616 N Tobey Ave,1,4,0,0,2,N/A
2725206,7-Oct-23,Illinois,Chicago,5012 N Winthrop Ave,0,4,0,0,0,N/A
2725669,7-Oct-23,California,Inglewood,3333 W Manchester Blvd,2,3,0,0,0,N/A
2725422,6-Oct-23,Nevada,Reno,10640 N McCarran Blvd,0,7,0,0,1,N/A
2725126,6-Oct-23,South Carolina,Florence,1100 block of Oakland Ave,0,4,0,0,0,N/A
2725133,6-Oct-23,District of Columbia,Washington,100 block of Quincy Pl NE,0,5,0,0,0,N/A
2723247,4-Oct-23,Pennsylvania,Philadelphia,7500 block of Whitaker Ave,0,4,1,0,0,N/A
2723237,4-Oct-23,Minnesota,Saint Paul,1200 block of Hazelwood St,1,3,0,0,0,N/A
2723347,4-Oct-23,California,Los Angeles,S Central Ave and E 90th St,1,4,0,0,0,N/A
2722363,3-Oct-23,Maryland,Baltimore,1800 Argonne Dr,0,5,0,0,2,N/A
2720893,2-Oct-23,Pennsylvania,Philadelphia,6115 Shelbourne St,3,1,1,0,0,N/A
2720910,1-Oct-23,Ohio,Toledo,500 block of Leach St,0,4,0,0,1,N/A
2720112,1-Oct-23,Kentucky,Lexington,125 N Mill St,0,4,0,0,1,N/A
2720476,1-Oct-23,Illinois,Chicago,50 block of S Whipple St,2,2,0,0,0,N/A
2720136,1-Oct-23,Nebraska,Omaha,N 24th St and Decatur St,1,5,0,0,0,N/A
2720311,1-Oct-23,Texas,Houston,8700 block of Cypressbrook Dr,2,2,0,0,1,N/A
2720526,1-Oct-23,New Jersey,Jersey City,260 Culver Ave,0,5,0,0,0,N/A
2720419,30-Sep-23,Texas,Laredo,717 E Travis St,0,4,0,0,0,N/A
2720128,30-Sep-23,California,San Pedro,1230 N Park Western Dr,1,3,0,0,1,N/A
2719793,29-Sep-23,Louisiana,Lake Charles,2212 Broad St,1,3,0,0,1,N/A
2717131,27-Sep-23,District of Columbia,Washington,2423 14th St NE,2,3,0,0,0,N/A
2715316,25-Sep-23,Texas,Dallas,4800 block of Elsie Faye Heggins St,1,3,0,0,1,N/A
2715722,25-Sep-23,Florida,Jacksonville,4229 Moncrief Rd W,0,6,0,0,0,N/A
2714225,24-Sep-23,Oklahoma,Oklahoma City,SW 26th St and S Agnew Ave,0,4,0,0,0,N/A
2714677,24-Sep-23,South Carolina,Columbia,225 Saddletrail Rd,3,1,0,0,3,N/A
2714319,23-Sep-23,Florida,Jacksonville,8846 A C Skinner Pkwy,3,1,0,0,0,N/A
2714462,23-Sep-23,Tennessee,Covington,2951 Hwy 51 N,1,4,0,0,2,N/A
2713920,23-Sep-23,Virginia,Chesapeake,1300 block of Drayton Rd,1,4,0,0,1,N/A
2713404,23-Sep-23,California,Downey,11018 Downey Ave,0,4,0,0,1,N/A
2714081,23-Sep-23,District of Columbia,Washington,1360 H St NE,1,3,0,0,2,N/A
2713409,22-Sep-23,California,Pomona,1500 E 1st St,1,4,0,0,0,N/A
2713882,22-Sep-23,Minnesota,Minneapolis,Lake St and Lyndale Ave,0,4,0,0,0,N/A
2710366,18-Sep-23,North Carolina,Spring Lake,214 S 6th St,1,3,0,0,0,N/A
2709172,18-Sep-23,North Carolina,Charlotte,200 block of N Tryon St,0,4,0,0,0,N/A
2708996,17-Sep-23,Massachusetts,Boston,50 Ames St,0,5,0,0,2,N/A
2708659,17-Sep-23,Texas,El Paso,12300 Tierra Inca Dr,2,3,0,1,1,N/A
2709153,17-Sep-23,Illinois,Romeoville,512 Concord Ave,5,0,1,0,0,N/A
2708490,16-Sep-23,Indiana,South Bend,Huron St and Philippa St,0,4,0,0,2,N/A
2708514,16-Sep-23,Colorado,Denver,1946 Market St,0,5,0,0,1,N/A
2710554,15-Sep-23,Mississippi,Tchula,14592 Martin Luther King Dr,1,6,0,0,0,N/A
2706325,13-Sep-23,Pennsylvania,Philadelphia,W York St and N Marshall St,0,4,0,0,0,N/A
2704430,11-Sep-23,Florida,Palm Bay,1200 Hadley Cir SE,0,4,0,0,0,N/A
2703680,10-Sep-23,Michigan,Detroit,8600 block of Rosemont Ave,2,2,0,0,0,N/A
2703436,10-Sep-23,Indiana,Indianapolis,800 block of W 29th St,0,5,0,0,0,N/A
2704593,10-Sep-23,New Jersey,Jersey City,Martin Luther King Dr and Orient Ave,0,5,0,0,0,N/A
2702902,9-Sep-23,Illinois,Chicago,6500 block of S King Dr,0,4,0,0,0,N/A
2703975,9-Sep-23,South Carolina,Rock Hill,800 block of Brunswick Dr,0,4,0,0,2,N/A
2701771,7-Sep-23,Texas,Dallas,5300 block of Colonial Ave,1,3,0,0,1,N/A
2700661,6-Sep-23,New York,Brooklyn,56 Marcus Garvey Blvd,0,4,0,0,3,N/A
2701037,6-Sep-23,Mississippi,Jackson,3400 block of Lampton Ave,1,3,0,0,1,N/A
2701233,6-Sep-23,Texas,El Paso (Socorro),253 Flor Margarita Blvd,0,4,0,0,3,N/A
2699229,5-Sep-23,Illinois,Chicago,4718 W Gladys Ave,0,4,0,0,0,N/A
2699475,4-Sep-23,Georgia,Dublin,100 block of E Jackson St,1,3,0,0,3,N/A
2698496,4-Sep-23,Alabama,Birmingham,930 5th Ave N,2,3,0,0,0,N/A
2698171,3-Sep-23,Georgia,Atlanta,3516 Adkins Rd NW,0,5,1,0,0,N/A
2698160,3-Sep-23,Illinois,Freeport,300 block of E Pleasant St,1,3,0,0,0,N/A
2698786,3-Sep-23,North Carolina,High Point,2900 block of Creekview Ct,1,3,0,0,0,N/A
2698107,3-Sep-23,Texas,Galveston,4002 Mendocino Dr,2,2,0,0,0,N/A
2697278,2-Sep-23,Massachusetts,Lynn,189 Essex St,2,5,0,0,6,N/A
2695354,30-Aug-23,Illinois,Peoria,2217 W Marquette Ave,1,4,0,0,0,N/A
2695977,30-Aug-23,Texas,Houston,2800 block of Chimney Rock Rd,0,4,0,0,0,N/A
2694045,29-Aug-23,New York,Rochester,15 Savannah St,0,4,0,0,0,N/A
2692290,27-Aug-23,Ohio,Mansfield,137 Blymyer Ave,1,3,0,0,2,N/A
2691802,27-Aug-23,Kentucky,Louisville,301 Market St,2,4,0,0,1,N/A
2692120,27-Aug-23,Michigan,Detroit,11644 Cloverdale St,1,4,0,0,0,N/A
2691769,27-Aug-23,Ohio,Cleveland,11500 block of St Mark Ave,0,4,0,0,0,N/A
2692512,27-Aug-23,Colorado,Pueblo,1200 block of Berwind Ave,1,3,0,0,0,N/A
2691275,26-Aug-23,Utah,Orem,360 S State St,0,5,0,5,5,N/A
2690924,26-Aug-23,Massachusetts,Boston,10 Talbot Ave,0,7,0,1,3,N/A
2692026,26-Aug-23,Mississippi,Ripley,100 block of Peacock Holler,0,4,0,0,1,N/A
2690914,25-Aug-23,Florida,Tallahassee,1303 Ocala Rd,0,4,0,0,0,N/A
2690809,25-Aug-23,California,Pasadena,151 E Orange Grove Blvd,0,5,0,0,0,N/A
2690239,24-Aug-23,Ohio,Hartville,13305 Carnation Ave NW,4,0,1,0,0,N/A
2688942,23-Aug-23,California,Trabuco Canyon,19152 Santiago Canyon Rd,3,5,1,0,0,N/A
2688888,23-Aug-23,Ohio,Warren (Howland),Highlawn Ave SE,0,4,1,0,0,N/A
2688256,22-Aug-23,Illinois,Chicago,1521 S Trumbull Ave,1,3,0,0,0,N/A
2686943,21-Aug-23,Pennsylvania,Upper Darby,635 Long Lane,1,3,0,0,0,N/A
2687693,21-Aug-23,New York,Valley Stream,89 Ocean Ave,1,3,0,0,3,N/A
2687319,20-Aug-23,Texas,Denison,1100 block of W Owings St,1,3,0,0,3,N/A
2686454,20-Aug-23,Wisconsin,Milwaukee,S 12th St and W Mitchell St,0,4,0,0,1,N/A
2686221,20-Aug-23,Minnesota,Minneapolis,814 E Franklin Ave,0,9,0,0,2,N/A
2686543,20-Aug-23,Georgia,Louisville,1000 block of Handy St,0,5,0,0,3,N/A
2685998,20-Aug-23,Washington,Seattle,2205 Rainier Ave S,3,6,0,0,0,N/A
2686047,19-Aug-23,Wisconsin,Milwaukee,S 14th St and W Burnham St,0,9,0,0,1,N/A
2685196,19-Aug-23,Pennsylvania,Philadelphia,500 block of N Creighton St,1,8,0,0,0,N/A
2685332,19-Aug-23,Georgia,Macon,834 Woodard Ave,1,3,0,0,1,N/A
2686338,19-Aug-23,Delaware,Wilmington,300 block of Chapel St,0,4,0,0,0,N/A
2684327,18-Aug-23,Virginia,Norfolk,1510 E Brambleton Ave,0,4,0,0,3,N/A
2685046,18-Aug-23,Illinois,Chicago,3500 block of W 13th Pl,0,4,0,0,0,N/A
2684071,16-Aug-23,Louisiana,Alexandria,2900 block of Levin St,1,4,0,0,0,N/A
2683130,16-Aug-23,Illinois,East Saint Louis,N 38th St and Audubon Ave,1,4,0,0,0,N/A
2683213,16-Aug-23,Oklahoma,Oklahoma City,7405 NW 5th Terrace,4,0,1,0,0,N/A
2682756,16-Aug-23,Kentucky,Louisville,1800 block of W Muhammad Ali Blvd,0,4,0,0,0,N/A
2681831,15-Aug-23,Tennessee,Clarksville,2655 Union Hall Rd,0,5,2,0,0,N/A
2680467,13-Aug-23,Tennessee,Memphis,Peabody Pl and S B B King Blvd,0,8,0,0,0,N/A
2679624,13-Aug-23,Ohio,Cincinnati,2300 block of Flora St,0,4,0,0,0,N/A
2680270,13-Aug-23,Illinois,Chicago,5700 block of S Payne Dr,1,3,0,0,0,N/A
2679865,13-Aug-23,Illinois,Rockford,600 block of Fisher Ave,0,7,0,0,0,N/A
2680526,13-Aug-23,Illinois,Chicago,100 block of W Division St,0,4,0,0,0,N/A
2680362,13-Aug-23,Pennsylvania,Harrisburg,Cranberry St and N 2nd St,0,4,0,0,1,N/A
2679878,12-Aug-23,Michigan,Grand Rapids,Dickinson St SE and Madison Ave SE,0,4,0,0,0,N/A
2678953,12-Aug-23,Washington,Bothell,2005 185th Pl SE,1,3,0,0,0,N/A
2678274,11-Aug-23,Pennsylvania,Philadelphia,800 Diamond St,3,1,0,0,1,N/A
2678650,11-Aug-23,Arkansas,Pine Bluff,1601 S Cherry St,0,4,0,0,1,N/A
2678825,11-Aug-23,Minnesota,Minneapolis,2220 16th Ave S,1,6,0,0,1,N/A
2676883,10-Aug-23,Washington,Lynnwood,SW 164th St and W 48th Pl,4,1,0,0,1,N/A
2675914,9-Aug-23,Illinois,Crystal Lake,5805 Wild Plum Rd,3,1,1,0,0,N/A
2677365,9-Aug-23,Pennsylvania,Pittsburgh,2176 Webster Ave,0,4,0,1,1,N/A
2673981,6-Aug-23,Pennsylvania,Philadelphia,200 W 65th Ave,0,5,0,0,0,N/A
2673152,6-Aug-23,Texas,Edinburg,5120 S Raul Longoria Rd,0,7,0,0,3,N/A
2672766,5-Aug-23,District of Columbia,Washington,Good Hope Rd SE and 16th St SE,3,2,0,0,0,N/A
2672510,5-Aug-23,Louisiana,Lafayette,106 S General Marshall St,1,4,0,1,1,N/A
2673896,5-Aug-23,Missouri,Kansas City,E 16th St and Grand Blvd,0,4,0,0,1,N/A
2671589,3-Aug-23,California,Los Angeles,8805 S Hoover St,0,4,0,0,0,N/A
2673196,2-Aug-23,Arkansas,Pine Bluff,Lilac St,0,5,0,0,0,N/A
2670331,2-Aug-23,Illinois,Chicago,1249 W 81st St,1,3,0,0,0,N/A
2668365,31-Jul-23,Mississippi,Columbus,2520 5th St N,0,4,0,0,2,N/A
2666859,30-Jul-23,Illinois,Chicago,1500 block of S Keeler Ave,1,8,0,0,0,N/A
2667118,30-Jul-23,Michigan,Lansing,1300 block of W Holmes Rd,0,5,0,0,0,N/A
2667537,30-Jul-23,Texas,Port Arthur,711 Procter St,0,7,0,0,0,N/A
2666933,30-Jul-23,Indiana,Muncie,900 block of E Willard St,1,17,0,1,2,N/A
2668556,30-Jul-23,Massachusetts,Springfield,Leyfred Terr,0,4,0,0,0,N/A
2667046,29-Jul-23,California,Los Angeles,2121 E 99th Pl,1,3,0,0,0,N/A
2666201,28-Jul-23,Florida,Tampa,E Shadowlawn Ave and N 36th St,1,3,0,0,0,N/A
2666500,28-Jul-23,Florida,Fort Lauderdale,NW 19th St and MLK Jr Ave,0,4,0,0,0,N/A
2666189,28-Jul-23,Washington,Seattle,9232 Rainier Ave S,0,5,0,0,0,N/A
2666195,28-Jul-23,Illinois,Chicago Heights (Ford Heights),1400 block of Senator Ln,1,4,0,0,0,N/A
2663533,25-Jul-23,Pennsylvania,Pittsburgh,Nicholas St and Jacob St,0,5,0,0,0,N/A
2662351,24-Jul-23,Oklahoma,Tulsa,11107 E Brady St,3,1,0,0,1,N/A
2662711,24-Jul-23,New York,Bronx,255 E Burnside Ave,1,3,0,0,3,N/A
2661359,23-Jul-23,Florida,Tampa,7402 N 56th St,0,5,0,0,0,N/A
2661332,23-Jul-23,Alabama,Birmingham,1700 block of Third Ave W,0,4,0,0,0,N/A
2661056,23-Jul-23,Texas,Houston,9261 Gulf Fwy,1,4,0,0,1,N/A
2661505,23-Jul-23,Texas,Dallas,3300 block of Sheila Lane,1,3,0,0,0,N/A
2660299,22-Jul-23,Arizona,Glendale,6761 N Sunset Blvd,0,4,0,0,1,N/A
2660568,22-Jul-23,North Carolina,Wade,4001 Pembroke Lane,1,3,0,0,0,N/A
2660217,22-Jul-23,Illinois,Chicago,1400 block of S Spaulding Ave,1,4,0,0,0,N/A
2661182,22-Jul-23,Florida,Daytona Beach,611 Seabreeze Blvd,0,4,0,0,1,N/A
2660674,22-Jul-23,Tennessee,Memphis,2965 Meadows Lane,1,4,0,0,0,N/A
2659968,21-Jul-23,Louisiana,Marrero,6700 block of Mather Dr,1,3,0,0,3,N/A
2658784,20-Jul-23,North Carolina,Greensboro,1900 block of Brice St,1,3,0,0,0,N/A
2658701,19-Jul-23,Texas,Houston,6200 block of Luce St,2,3,0,0,0,N/A
2657179,18-Jul-23,Pennsylvania,Philadelphia,500 block of E Wyoming Ave,0,5,0,0,0,N/A
2657041,17-Jul-23,District of Columbia,Washington,1200 block of Barnaby Terrace SE,0,4,0,0,0,N/A
2656524,17-Jul-23,South Carolina,Columbia,4200 block of Wentworth Dr,1,3,0,0,0,N/A
2654137,16-Jul-23,Illinois,Chicago,4000 block of W Washington Blvd,1,4,0,0,3,N/A
2654540,16-Jul-23,California,Los Angeles,2000 block of E 115th St,1,4,0,0,0,N/A
2654280,16-Jul-23,Texas,Dallas,Al Lipscomb Way and Meadow St,1,4,0,0,0,N/A
2653407,15-Jul-23,Pennsylvania,Homestead (Munhall),1129 Ravine St,1,3,0,0,0,N/A
2655985,15-Jul-23,Mississippi,Clarksdale,400 block of Andrews St,0,4,0,0,0,N/A
2653609,15-Jul-23,Georgia,Hampton,92 Dogwood Lakes Dr,4,3,1,0,0,N/A
2654370,15-Jul-23,Florida,Fort Lauderdale,3170 NW 2nd St,1,3,0,0,0,N/A
2653963,15-Jul-23,Tennessee,Memphis,3400 block of Ridgemont Ave,1,4,0,0,0,N/A
2653974,15-Jul-23,Louisiana,Shreveport,400 Commerce St,1,6,0,0,1,N/A
2652749,14-Jul-23,Maryland,Bladensburg,4300 block of Bladensburg Rd,0,5,0,0,0,N/A
2653198,14-Jul-23,North Dakota,Fargo,901 25th St S,1,3,1,0,0,N/A
2651377,13-Jul-23,Maryland,Silver Spring,14324 Layhill Rd,0,5,0,0,1,N/A
2651632,13-Jul-23,Texas,El Paso,1160 Airway Blvd,2,4,0,0,2,N/A
2652321,13-Jul-23,Illinois,East Saint Louis,500 block of N 27th St,1,4,0,0,0,N/A
2654191,12-Jul-23,Georgia,Lagrange,Whitesville St and Bell St,0,4,0,0,0,N/A
2650004,11-Jul-23,New York,Bronx,25 E 193rd St,0,4,0,0,0,N/A
2650456,11-Jul-23,Texas,Dallas,8200 block of Willoughby Blvd,0,6,0,0,0,N/A
2648182,9-Jul-23,North Carolina,Wadesboro,1205 N Greene St,1,6,0,0,0,N/A
2648002,9-Jul-23,Texas,Amarillo,4515 S Georgia St,2,5,0,0,1,N/A
2648055,9-Jul-23,Ohio,Cleveland,W 6th St and Johnson Ct,0,9,0,0,2,N/A
2647888,9-Jul-23,Iowa,Dubuque,2506 Broadway St,1,3,0,0,0,N/A
2649242,9-Jul-23,Alabama,Montgomery,300 block of Gardendale Dr,1,6,0,0,2,N/A
2647298,8-Jul-23,New York,Brooklyn,Ashford St and Arlington Ave,1,3,0,0,1,N/A
2647621,8-Jul-23,California,Indio,41900 block of Napoli St,1,3,0,0,0,N/A
2647307,8-Jul-23,Indiana,Gary,939 E 21st Ave,1,3,0,0,0,N/A
2647516,8-Jul-23,Maryland,Baltimore,900 block of Greenmount Ave,2,2,0,0,0,N/A
2648440,8-Jul-23,Texas,Dallas,1600 block of Pompano Beach Dr,1,3,0,0,0,N/A
2647013,7-Jul-23,Illinois,Chicago,1600 block of W Howard St,0,5,0,0,0,N/A
2646865,7-Jul-23,Texas,El Paso,4516 Swan Dr,0,8,0,0,0,N/A
2644586,5-Jul-23,Florida,Fort Lauderdale,2960 NW 19th St,0,5,0,0,0,N/A
2643648,5-Jul-23,Maryland,Salisbury,Chippewa Blvd and Kiowa Ave,1,6,0,0,1,N/A
2644078,5-Jul-23,Michigan,Lansing,S Washington Sq,0,4,0,0,0,N/A
2643671,5-Jul-23,Illinois,Chicago,5600 block of S Ada St,1,4,0,0,0,N/A
2644352,5-Jul-23,Ohio,Cleveland,4000 block of E 150th St,2,2,0,0,0,N/A
2643453,5-Jul-23,District of Columbia,Washington,4700 block of Meade St NE,0,9,0,0,0,N/A
2643630,5-Jul-23,Massachusetts,Boston,33 Edgewater Dr,0,5,0,0,1,N/A
2643676,5-Jul-23,New Jersey,Paterson,49 Jersey St,2,3,0,0,0,N/A
2644627,5-Jul-23,Michigan,Flint,2800 block of Mallery St,0,4,0,0,0,N/A
2643322,4-Jul-23,Maryland,Edgewood,600 block of Harr Park Ct,0,4,0,0,10,N/A
2642527,4-Jul-23,Ohio,Akron,700 E Exchange St,0,4,0,0,0,N/A
2642489,4-Jul-23,Michigan,Lansing,6520 Mercantile Way,0,5,0,0,0,N/A
2643549,4-Jul-23,California,Hayward,400 block of Ranker Place,0,5,0,1,2,N/A
2643602,4-Jul-23,Louisiana,Shreveport,2000 block of Pearl Ave,4,7,0,0,0,N/A
2642484,4-Jul-23,North Carolina,Charlotte,5300 block of Park Brook Dr,0,4,0,0,0,N/A
2642843,3-Jul-23,Minnesota,Truman,N/A,0,4,0,0,1,N/A
2642262,3-Jul-23,Texas,Fort Worth,2100 block of Christine Ave,0,4,0,0,1,N/A
2642472,3-Jul-23,Texas,Fort Worth,Diaz Ave and Horne St,3,8,0,0,2,N/A
2642495,3-Jul-23,Indiana,Indianapolis,3200 block of Forest Manor Ave,1,3,0,0,0,N/A
2645345,3-Jul-23,Indiana,Michigan City,1100 block of Salem St,0,4,0,0,0,N/A
2642785,3-Jul-23,Missouri,Saint Ann,4116 Jane Ave,3,1,1,0,0,N/A
2642071,3-Jul-23,Pennsylvania,Philadelphia,5700 block of Warrington Ave,5,2,0,0,1,N/A
2640311,2-Jul-23,Kansas,Wichita,222 N Washington St,0,9,0,0,3,N/A
2641112,2-Jul-23,New York,Bronx,1780 Eastburn Ave,0,4,0,0,0,N/A
2640219,2-Jul-23,Maryland,Baltimore,800 block of Gretna Ct,2,27,0,1,5,N/A
2639780,1-Jul-23,Oklahoma,Tulsa,1150 S Sheridan Rd,0,4,0,0,0,N/A
2639130,30-Jun-23,California,Florin,7870 Florin Rd,0,4,0,0,0,N/A
2639623,30-Jun-23,Illinois,Chicago,6300 block of S Artesian Ave,1,3,0,0,0,N/A
2638784,29-Jun-23,Texas,Odessa,4310 N Dixie Blvd,1,4,0,0,3,N/A
2638465,28-Jun-23,North Carolina,Greensboro,5100 Bayberry St,3,2,0,0,1,N/A
2636671,26-Jun-23,Michigan,Ypsilanti,800 block of George Pl,2,2,0,0,1,N/A
2634835,25-Jun-23,Missouri,Kansas City,5646 Prospect Ave,3,6,0,0,1,N/A
2635065,25-Jun-23,Texas,Missouri City,7242 W Fuqua St,1,3,0,0,0,N/A
2635437,25-Jun-23,Ohio,Cincinnati,1233 Clay St,0,4,0,0,0,N/A
2634840,25-Jun-23,Indiana,Indianapolis,800 block of Broad Ripple Ave,3,1,0,0,1,N/A
2634933,25-Jun-23,Maryland,Temple Hills (Marlow Heights),4400 block of Stamp Rd,0,4,0,0,0,N/A
2636162,25-Jun-23,Mississippi,Canton,389 Ricks Dr,2,2,0,0,1,N/A
2634357,24-Jun-23,Texas,Beaumont,1600 block of Glasshouse St,0,5,0,0,0,N/A
2635243,24-Jun-23,North Carolina,Asheboro,800 block of Salem Ct,0,4,0,0,2,N/A
2634147,24-Jun-23,Michigan,Saginaw,Fourth St and Johnson St,2,11,0,0,0,N/A
2634135,24-Jun-23,Florida,Orlando,2620 N Hiawassee Rd,2,2,0,0,0,N/A
2632283,21-Jun-23,Texas,Fort Worth,2120 Handley Dr,1,3,0,0,1,N/A
2630581,20-Jun-23,Michigan,Pontiac,28 Cherry Hill Dr,1,3,0,0,0,N/A
2629745,19-Jun-23,Wisconsin,Milwaukee,2947 N Doctor MLK Jr Dr,0,6,0,0,1,N/A
2629821,19-Jun-23,Illinois,Chicago,3200 block of W 79th St,1,3,0,0,0,N/A
2628072,18-Jun-23,Illinois,Willowbrook,10S622 Kingery Hwy,1,22,0,0,0,N/A
2628083,18-Jun-23,Missouri,Saint Louis,1409 Washington Ave,1,9,0,0,0,N/A
2629211,18-Jun-23,Idaho,Kellogg,525 W Cameron Ave,4,0,0,0,1,N/A
2628950,18-Jun-23,Illinois,Chicago,9900 block of S Princeton Ave,2,3,0,0,0,N/A
2628104,18-Jun-23,Illinois,Chicago,5400 block of W Crystal St,1,3,0,0,0,N/A
2629196,18-Jun-23,North Carolina,Greenville,1100 block of W Sixth St,1,5,0,0,0,N/A
2628094,18-Jun-23,Georgia,Decatur,4525 Glenwood Rd,0,5,0,0,0,N/A
2629262,18-Jun-23,Michigan,Detroit,12000 block of Roselawn St,0,4,0,0,0,N/A
2627254,17-Jun-23,Illinois,Chicago,1900 block of N Stockton Dr,0,5,0,0,0,N/A
2627729,17-Jun-23,Pennsylvania,Philadelphia,1700 block of Ringgold St,0,5,0,0,0,N/A
2627193,17-Jun-23,Wisconsin,La Crosse,116 3rd St S,0,7,0,0,1,N/A
2627442,17-Jun-23,North Carolina,Winston Salem (Winston-salem),800 block of Utah Dr,0,4,0,0,0,N/A
2627199,17-Jun-23,Indiana,Indianapolis,W 34th St and Moller Rd,0,4,0,0,0,N/A
2627418,17-Jun-23,North Carolina,Charlotte,6432 E Independence Blvd,1,3,0,0,1,N/A
2629270,17-Jun-23,Louisiana,Alexandria,3323 Willow Glen River Rd,1,3,0,0,0,N/A
2627958,17-Jun-23,Washington,Quincy,754 Silica Rd NW,2,2,0,1,1,N/A
2630156,17-Jun-23,Ohio,Cleveland,11921 Miles Ave,0,4,0,0,0,N/A
2626827,16-Jun-23,Maryland,Baltimore,E Cold Spring Ln and York Rd,0,6,0,0,0,N/A
2627283,16-Jun-23,California,Carson,1500 block of E Abila St,0,8,0,0,0,N/A
2627013,16-Jun-23,New Jersey,Clifton,39 Harding Ave,0,4,0,0,0,N/A
2625892,15-Jun-23,Ohio,New Richmond,1965 Laurel Lindale Rd,3,1,0,0,1,N/A
2626402,15-Jun-23,Tennessee,Sequatchie,246 Pine St,5,1,1,0,0,N/A
2625636,15-Jun-23,South Carolina,Greenville,Channel Dr,0,4,0,0,0,N/A
2625603,14-Jun-23,Oklahoma,Tulsa,S Harvard Ave and E 31st St,1,3,0,0,1,N/A
2625182,13-Jun-23,Ohio,Cincinnati,2300 block of Harrison Ave,0,4,0,0,0,N/A
2623809,13-Jun-23,Colorado,Denver,2000 block of Market St,0,9,0,1,2,N/A
2622044,11-Jun-23,New York,Syracuse,100 block of Davis St,0,4,0,0,3,N/A
2622547,11-Jun-23,Maryland,Annapolis,1004 Paddington Pl,3,3,0,0,1,N/A
2622062,11-Jun-23,California,Antioch,3300 block of Sunset Ln,1,6,0,0,0,N/A
2668127,11-Jun-23,Louisiana,Labadieville,3006 LA-1,0,7,0,0,1,N/A
2622008,11-Jun-23,Texas,Houston,6003 Richmond Ave,0,6,0,0,1,N/A
2622140,11-Jun-23,Illinois,Champaign,1000 block of N 6th St,0,4,0,0,0,N/A
2622484,11-Jun-23,Texas,Crosby,12028 Crosby-Lynchburg  Rd,1,4,0,0,0,N/A
2621754,10-Jun-23,Mississippi,Hattiesburg,6100 block of US-49,0,4,0,0,0,N/A
2622344,10-Jun-23,Washington,Benton City,2500 block of N Willard Ave,1,5,0,0,2,N/A
2621640,10-Jun-23,Illinois,Oak Park,900 block of Madison St,0,4,0,0,0,N/A
2621241,9-Jun-23,California,San Francisco,24th St and Treat Ave,0,9,0,0,1,N/A
2621359,9-Jun-23,Pennsylvania,Jeannette,815 Lowry Ave,1,4,0,0,2,N/A
2620695,8-Jun-23,South Carolina,North Charleston,4106 Dorchester Rd,1,3,0,0,0,N/A
2619908,7-Jun-23,California,Sacramento,1600 block of Grand Ave,0,7,0,0,0,N/A
2618358,6-Jun-23,Virginia,Richmond,6 N Laurel St,2,5,0,0,1,N/A
2617560,5-Jun-23,Mississippi,Jackson,440 N Mill St,0,5,0,0,0,N/A
2616439,4-Jun-23,Texas,Sunnyvale,201 Planters Rd,1,4,0,0,1,N/A
2615978,4-Jun-23,Illinois,Chicago,4800 block of W Iowa St,1,6,0,0,0,N/A
2616034,4-Jun-23,Florida,Pensacola,Cresent Dr,1,4,0,0,0,N/A
2616015,4-Jun-23,Missouri,Columbia,2600 block of Oakbrook Dr,2,4,0,0,0,N/A
2615941,3-Jun-23,Oregon,Portland,NE Webster St and NE 55th Ave,0,4,0,0,0,N/A
2615518,2-Jun-23,Tennessee,Memphis,4600 block of Mill Stream Dr,0,4,0,0,0,N/A
2614735,2-Jun-23,Texas,San Antonio,5100 block of Eisenhauer Rd,1,3,0,0,0,N/A
2614353,31-May-23,Ohio,Cleveland,400 block of E 123rd St,1,3,0,0,0,N/A
2613087,31-May-23,North Carolina,Fayetteville,700 block of Rembrandt Dr,2,2,0,0,2,N/A
2613375,31-May-23,Ohio,Cincinnati,73 E McMicken Ave,0,4,0,0,0,N/A
2612967,30-May-23,Pennsylvania,Lebanon,400 block of N 5th St,3,1,0,0,3,N/A
2612882,30-May-23,Illinois,Chicago,7059 S Halsted St,1,3,0,0,0,N/A
2611512,29-May-23,Florida,Hollywood,1203 N Broadwalk,0,9,0,0,3,N/A
2611781,29-May-23,South Carolina,Hollywood,5000 block of Storage Rd,1,5,0,0,0,N/A
2610925,29-May-23,Ohio,Canal Winchester,4855 Pintail Creek Dr,0,7,0,0,0,N/A
2611214,29-May-23,Illinois,Peoria,N/A,0,4,0,0,0,N/A
2611877,29-May-23,New York,Syracuse,400 block of Bellevue Ave,1,3,0,0,1,N/A
2611231,28-May-23,Pennsylvania,Chester,Front St and Norris St,0,8,0,0,0,N/A
2611011,28-May-23,Pennsylvania,Philadelphia,4500 block of Mulberry St,1,3,0,0,0,N/A
2610339,28-May-23,Pennsylvania,Harrisburg,1000 block of N 3rd St,0,4,0,0,0,N/A
2610271,28-May-23,Mississippi,Hazlehurst,Dentville Rd,0,5,0,0,0,N/A
2610231,28-May-23,Tennessee,Memphis,400 block of Deerskin Dr,0,4,0,0,0,N/A
2610153,27-May-23,Ohio,Cleveland,17426 Harvard Ave,0,4,0,0,0,N/A
2610514,27-May-23,California,Moreno Valley,24800 block of Evening Shadow Ct,0,4,0,0,0,N/A
2610746,27-May-23,Arkansas,Marianna,382 W Chestnut St,1,4,0,0,0,N/A
2609789,27-May-23,New Mexico,Red River,400 E Main St,3,4,0,1,1,N/A
2609601,27-May-23,Illinois,Chicago,7900 block of S Ashland Ave,1,3,0,0,0,N/A
2608422,26-May-23,Wisconsin,Milwaukee,N 38th St and W Walnut St,0,4,0,0,1,N/A
2608830,26-May-23,Virginia,Woodbridge,14723 Birchdale Ave,3,1,0,0,1,N/A
2609761,26-May-23,Arizona,Mesa,Alma School Rd and Main St,4,1,0,0,1,N/A
2608802,26-May-23,Maryland,Baltimore,W Saratoga St and N Eutaw St,0,5,0,0,0,N/A
2609992,26-May-23,Mississippi,Columbus,2118 Hwy 45 N,1,4,0,0,1,N/A
2608556,26-May-23,Georgia,Brunswick,100 block of Wasp Dr,0,5,0,0,0,N/A
2608239,25-May-23,Maryland,Baltimore,3300 block of Ramona Ave,0,4,0,0,0,N/A
2606205,23-May-23,Texas,Texarkana,563 Lemon Acre,4,0,0,0,1,N/A
2606213,23-May-23,Indiana,Columbus,2201 Lincoln Park Dr,0,4,0,0,2,N/A
2605897,22-May-23,Tennessee,Columbia,Beech St,1,4,0,0,2,N/A
2605263,21-May-23,Mississippi,Clarksdale,300 block of Delta St,0,13,0,0,0,N/A
2604461,21-May-23,Washington,Renton,E Valley Hwy and S 180th St,0,5,0,0,0,N/A
2603680,21-May-23,Missouri,Kansas City,4244 Indiana Ave,3,2,0,0,1,N/A
2605709,21-May-23,Mississippi,Jonestown,MS-316,0,4,0,0,0,N/A
2604279,21-May-23,Louisiana,Thibodaux,300 block of Hyland Dr,0,7,0,0,1,N/A
2603241,20-May-23,California,Los Angeles,1010 Wilshire Blvd,0,4,0,0,0,N/A
2603598,20-May-23,Louisiana,New Orleans,6000 block of Beechcraft St,2,2,0,0,0,N/A
2603689,20-May-23,Kentucky,Louisville,600 block of N 34th St,0,4,0,0,0,N/A
2603870,20-May-23,Georgia,Thomson,511 Knox St,0,4,0,0,1,N/A
2601416,18-May-23,Texas,San Antonio,5138 UTSA Blvd,1,3,0,0,2,N/A
2600376,16-May-23,Texas,San Antonio,800 block of Poinsettia St,0,4,0,0,0,N/A
2598731,15-May-23,New Mexico,Farmington,700 block of N Dustin Ave,3,6,1,0,0,N/A
2598323,14-May-23,Pennsylvania,Hazleton,W 11th St and N Manhattan Ct,0,4,0,0,1,N/A
2598168,14-May-23,Alabama,Montgomery,5500 block of Atlanta Highway,1,3,0,0,0,N/A
2597941,14-May-23,Indiana,Anderson,1600 block of Madison Ave,0,6,0,0,0,N/A
2598225,14-May-23,Louisiana,Shreveport,9064 Mansfield Ave,0,4,0,0,1,N/A
2597075,13-May-23,Louisiana,Shreveport,3600 block of Hollywood Ave,0,4,0,0,0,N/A
2597897,13-May-23,California,Sacramento,Fairfield St and Del Paso Blvd,0,4,0,0,3,N/A
2597740,13-May-23,Arizona,Yuma,3800 block of S J Edward Dr,2,5,0,0,3,N/A
2597569,13-May-23,Georgia,Augusta,120 Sand Bar Ferry Rd,2,4,0,0,0,N/A
2597757,13-May-23,Kentucky,Louisville,627 S 4th St,1,4,0,0,0,N/A
2597561,13-May-23,New Hampshire,Manchester,129 Ahern St,0,4,0,0,3,N/A
2597218,12-May-23,Maryland,Laurel,300 block of Domer Ave,0,4,0,0,0,N/A
2595672,11-May-23,Indiana,Indianapolis,4020 S East St,1,3,0,0,0,N/A
2595658,11-May-23,Pennsylvania,Philadelphia,5900 block of North 21st St,1,3,0,0,0,N/A
2595583,11-May-23,Illinois,Chicago,600 block of W 61st Pl,2,3,0,0,0,N/A
2594759,10-May-23,Colorado,Denver,9600 E Girard Ave,1,4,0,1,2,N/A
2590876,7-May-23,New Jersey,Newark,300 block of Orange St,1,3,0,0,0,N/A
2590669,7-May-23,California,Adelanto,10900 block of Bartlett Ave,2,5,0,0,0,N/A
2590631,7-May-23,Missouri,Columbia,904 Business Loop 70 E,1,3,0,1,3,N/A
2591640,7-May-23,California,Thornton,8600 block of W Mokelumne Ave,1,3,0,0,0,N/A
2590617,7-May-23,Missouri,Saint Louis,2100 block of Branch St,2,2,0,0,1,N/A
2591270,7-May-23,California,Redwood City,400 block of Redwood Ave,0,5,0,0,0,N/A
2591449,7-May-23,Wisconsin,Fond Du Lac,912 Martin Ave,1,3,0,0,2,N/A
2590940,7-May-23,Maryland,Frostburg,E College Ave,1,3,0,0,5,N/A
2590046,6-May-23,Texas,Allen,820 W Stacy Rd,8,7,1,0,0,N/A
2589762,6-May-23,Ohio,Columbus,624 N High St,0,9,0,1,1,N/A
2589882,6-May-23,California,Chico,1000 block of Columbus Ave,1,5,0,0,3,N/A
2589765,6-May-23,Ohio,Columbus,1400 block of St Clair Ave,1,3,1,0,0,N/A
2592771,6-May-23,Mississippi,Robinsonville (Tunica Resorts),2669 Kirby Rd,0,4,0,0,0,N/A
2589699,5-May-23,Mississippi,Ocean Springs,1013 Government St,1,6,0,0,1,N/A
2589790,5-May-23,Mississippi,Vicksburg,1320 Levee St,0,4,0,0,0,N/A
2592407,5-May-23,Louisiana,Bastrop,Welch Ave. and Pruitt St,2,2,0,0,1,N/A
2589804,5-May-23,Mississippi,Natchez,261 Devereux Dr,2,3,0,0,5,N/A
2589981,5-May-23,Missouri,Saint Louis,2837 Cherokee St,2,2,0,0,0,N/A
2587918,3-May-23,Illinois,Chicago,6300 block of South Calumet Ave,0,4,0,0,0,N/A
2587386,3-May-23,Georgia,Atlanta,1110 W Peachtree St NW,1,4,0,0,1,N/A
2588047,2-May-23,Louisiana,Bossier City,3820 LA-782,2,2,0,0,1,N/A
2587288,2-May-23,Florida,Lake Wales,614 Dawnlight Dr,4,0,1,0,0,N/A
2586872,30-Apr-23,Oklahoma,Henryetta,14360 Holly Rd,6,0,1,0,0,N/A
2584772,30-Apr-23,Kentucky,Paducah,505 S 8th St,0,4,0,0,5,N/A
2584779,30-Apr-23,Oklahoma,Oklahoma City,3000 W Memorial Rd,1,3,0,0,0,N/A
2586747,30-Apr-23,Nevada,Las Vegas (Enterprise),Bermuda Rd and Pilot Rd,0,4,0,0,0,N/A
2584743,30-Apr-23,Georgia,Athens,1155 Mitchell Bridge Rd,1,3,0,0,0,N/A
2585718,30-Apr-23,California,Mojave,15900 block of H St,4,0,0,0,1,N/A
2584808,30-Apr-23,Louisiana,Lafayette,W Congress Ave and University Ave,1,5,0,0,0,N/A
2584763,30-Apr-23,Texas,Bryan,W 26th St and S Bryan Ave,0,4,0,0,0,N/A
2584930,30-Apr-23,Massachusetts,Lawrence,5 Royal St,1,5,0,0,0,N/A
2584748,30-Apr-23,Mississippi,Bay Saint Louis,1000 block of Old Blue Meadow Rd,2,4,0,0,1,N/A
2585253,30-Apr-23,Alabama,Birmingham,800 block of 48th St N,0,4,0,0,1,N/A
2584240,29-Apr-23,South Carolina,Columbia,600 Beckman Rd,0,9,0,0,4,N/A
2584711,29-Apr-23,Washington,Auburn,2500 block of B St NW,0,4,0,0,0,N/A
2584064,28-Apr-23,Texas,Cleveland,171 Walter Dr,5,0,0,0,1,N/A
2583589,28-Apr-23,Pennsylvania,Philadelphia,5900 block of Palmetto St,3,1,0,0,3,N/A
2579179,23-Apr-23,Texas,Jasper,470 County Rd 263,0,11,0,0,4,N/A
2579262,22-Apr-23,North Carolina,Winston Salem (Winston-salem),1256 Alder St,1,4,0,0,0,N/A
2579441,21-Apr-23,Georgia,Rockmart,Fairview Rd and Morgan St,0,4,0,0,0,N/A
2578168,21-Apr-23,District of Columbia,Washington,500 block of Lebaum St SE,0,8,0,0,1,N/A
2577693,20-Apr-23,New Jersey,Trenton,269 Hamilton Ave,1,3,0,0,0,N/A
2577642,20-Apr-23,Connecticut,Hartford,Huntington St and Asylum Ave,1,3,0,0,0,N/A
2575621,18-Apr-23,Maine,Bowdoin,1459 Augusta Rd,4,3,0,0,1,N/A
2576366,18-Apr-23,North Carolina,Fayetteville,200 block of Alphin St,1,3,0,0,2,N/A
2574091,16-Apr-23,Mississippi,Biloxi,2466 Beach Blvd,0,5,0,0,1,N/A
2574324,16-Apr-23,Georgia,Keysville,Tyrone Brooks Dr,0,4,0,0,0,N/A
2572960,15-Apr-23,Hawaii,Waianae,87131 Kaukamana Rd,2,3,0,0,2,N/A
2573436,15-Apr-23,Alabama,Dadeville,220 N Broadnax St,4,32,0,2,6,N/A
2572582,15-Apr-23,New Jersey,Paterson,14th Ave and E 22nd St,0,6,0,0,0,N/A
2573200,15-Apr-23,New Jersey,Newark,400 block of Leslie St,1,3,0,0,1,N/A
2573179,15-Apr-23,Arizona,Phoenix,4617 W Indian School Rd,0,4,0,0,0,N/A
2572997,15-Apr-23,California,Northridge,19105 Parthenia St,2,2,0,0,1,N/A
2573266,15-Apr-23,Kentucky,Louisville,1200 Southwestern Pkwy,2,4,0,0,0,N/A
2572471,14-Apr-23,Missouri,Kansas City,3500 Prospect Ave,1,4,0,0,0,N/A
2571130,13-Apr-23,New York,Bronx,1859 Westchester Ave,0,4,0,0,0,N/A
2571648,13-Apr-23,Michigan,Detroit,13570 block of Penrod St,0,4,0,1,1,N/A
2570622,12-Apr-23,Ohio,Toledo,998 Dorr St,1,5,0,0,0,N/A
2570985,12-Apr-23,Indiana,Fort Wayne,3530 Harvester Ave,1,3,0,0,0,N/A
2570789,12-Apr-23,North Carolina,Goldsboro,112 N. Leslie St,1,5,0,0,0,N/A
2570823,12-Apr-23,New Jersey,Trenton,Spring St and Calhoun St,1,3,0,0,0,N/A
2569434,11-Apr-23,District of Columbia,Washington,4001 Benning Rd NE,1,3,0,0,0,N/A
2568184,10-Apr-23,Kentucky,Louisville,333 E Main St,5,5,1,0,0,N/A
2568150,9-Apr-23,Florida,Orlando,5344 Lescot Ln,3,2,0,0,0,N/A
2567299,8-Apr-23,Texas,Houston,250 Uvalde Road,0,4,0,0,0,N/A
2566705,7-Apr-23,South Carolina,Isle Of Palms,1140 Ocean Blvd,0,5,0,0,1,N/A
2566449,7-Apr-23,Louisiana,New Orleans,I-10 and Read Blvd,0,4,0,0,0,N/A
2566162,6-Apr-23,Pennsylvania,Philadelphia,3700 block of N Carlisle St,0,4,0,0,0,N/A
2565404,5-Apr-23,Virginia,Virginia Beach,700 block of Lake Edward Dr,0,4,0,0,0,N/A
2564607,4-Apr-23,Pennsylvania,Philadelphia,3400 block of Rorer St,1,4,0,0,0,N/A
2564328,3-Apr-23,Tennessee,Jackson,1600 block of Hollywood Dr,0,4,0,0,0,N/A
2564074,3-Apr-23,Georgia,Atlanta,2479 Abner Terrace NW,1,3,0,0,0,N/A
2564105,3-Apr-23,Colorado,Pueblo,1000 block of E 11th St,1,3,0,0,0,N/A
2562882,2-Apr-23,District of Columbia,Washington,2900 block of Martin Luther King Jr Ave SE,0,4,0,0,0,N/A
2563072,2-Apr-23,North Carolina,Fayetteville,5044 Yadkin Rd,1,3,0,1,1,N/A
2562631,2-Apr-23,California,Moreno Valley,24700 block of Sunnymead Blvd,0,4,0,0,0,N/A
2562492,1-Apr-23,Maryland,Baltimore,3205 Woodring Ave,3,1,0,0,1,N/A
2559838,29-Mar-23,Tennessee,Memphis,6980 Winchester Rd,2,4,0,1,3,N/A
2555459,27-Mar-23,Tennessee,Nashville,33 Burton Hills Blvd,6,0,1,0,0,N/A
2555326,27-Mar-23,Wisconsin,Milwaukee,7225 N 76th St,0,5,0,0,0,N/A
2555309,26-Mar-23,Minnesota,Minneapolis,5601 Brooklyn Blvd,0,6,0,0,0,N/A
2554779,26-Mar-23,Pennsylvania,Philadelphia,1900 block of N 19th St,2,2,0,0,0,N/A
2555301,26-Mar-23,Arkansas,Little Rock,3002 Washington St,2,5,0,0,0,N/A
2555123,26-Mar-23,Louisiana,Minden,801 Harris St,0,4,0,0,3,N/A
2553878,25-Mar-23,Illinois,Macomb,533 N Johnson St,1,10,0,0,2,N/A
2554912,25-Mar-23,New York,Hempstead,Spencer Pl and Jerusalem Ave,0,4,0,0,0,N/A
2555579,25-Mar-23,North Carolina,Williamston,W Pine St,0,5,0,0,0,N/A
2553829,25-Mar-23,Louisiana,Shreveport,200 block of Texas St,1,5,0,0,2,N/A
2553843,24-Mar-23,Louisiana,Shreveport,1800 block of Logan St,0,8,0,0,0,N/A
3016244,24-Mar-23,Arizona,Phoenix,W Peoria Ave and N 11th Ave,0,6,0,0,1,N/A
2552552,23-Mar-23,Maryland,Baltimore,2801 Edmondson Ave,1,5,0,0,2,N/A
2551596,21-Mar-23,New Jersey,Trenton,45 N Stockton St,0,4,0,0,0,N/A
2551678,21-Mar-23,South Carolina,Sumter,190 Whitetail Cir,4,0,1,0,0,N/A
2550749,20-Mar-23,Wisconsin,Milwaukee,N 14th St and W Concordia Ave,1,5,0,0,1,N/A
2548773,18-Mar-23,Ohio,Columbus,1570 S. High St,2,4,0,0,1,N/A
2549452,18-Mar-23,Illinois,Chicago,2425 E 72nd St,0,4,0,0,0,N/A
2549324,18-Mar-23,Texas,Dallas,Gannon Ln and S Westmoreland Rd,0,4,0,0,0,N/A
2546495,15-Mar-23,Oregon,Portland,7900 NE 82nd Ave,2,2,0,0,1,N/A
2545871,14-Mar-23,Alabama,Birmingham,8400 block of 8th Ave S,4,0,0,0,1,N/A
2545631,13-Mar-23,Texas,Lubbock,9103 Ave P,1,3,0,0,1,N/A
2544566,12-Mar-23,Texas,Laredo,4800 block of Roque Loop,0,14,0,0,1,N/A
2544817,12-Mar-23,Texas,Dallas,3626 Villaverde Ave,4,0,0,0,2,N/A
2543748,11-Mar-23,New York,Brooklyn,E 45th St and Snyder Ave,1,3,0,0,0,N/A
2544920,11-Mar-23,Washington,Vancouver,6701 E Mill Plain Blvd,1,3,0,0,2,N/A
2543201,10-Mar-23,Florida,Hialeah,14811 NW 87th Ct,4,0,1,0,0,N/A
2541580,7-Mar-23,Tennessee,Memphis,2100 block of Labelle St,0,4,0,0,0,N/A
2541937,7-Mar-23,Arkansas,Pine Bluff,2611 W 34th St,2,2,0,0,1,N/A
2539814,6-Mar-23,California,Sacramento,2200 block of Rogue River Dr,3,1,0,0,1,N/A
2540078,6-Mar-23,Tennessee,Memphis,176 Hillview Ave,3,1,0,0,1,N/A
2539582,5-Mar-23,Illinois,Bolingbrook,123 Lee Lane,3,1,0,0,1,N/A
2539165,5-Mar-23,Maryland,Capitol Heights,1200 block of Elfin Ave,0,4,0,0,0,N/A
2539515,5-Mar-23,Florida,Lake City,NW Alma Ave,0,4,0,0,0,N/A
2539065,5-Mar-23,Louisiana,Shreveport,4725 Greenwood Rd,0,4,0,0,0,N/A
2539531,4-Mar-23,Missouri,Cape Girardeau,15 N Main St,0,4,0,1,3,N/A
2539082,4-Mar-23,California,Los Angeles,E 76th Place and S Main St,0,4,0,0,0,N/A
2539196,4-Mar-23,Georgia,Douglasville,3377 Talkeetna Rd,2,7,0,0,3,N/A
2538963,4-Mar-23,California,San Pedro,Paseo Del Mar and Graysby Ave,0,4,0,1,1,N/A
2536665,1-Mar-23,Florida,Cocoa,4075 Alan Shepard Ave,4,0,0,0,1,N/A
2534995,27-Feb-23,Ohio,New Richmond,1195 Riebel Ridge,3,1,1,0,0,N/A
2534810,27-Feb-23,Tennessee,Memphis,W Essex Ave and Arkansas St,2,2,0,1,1,N/A
2534097,26-Feb-23,Michigan,Detroit,10300 block of Greensboro St,2,2,0,0,0,N/A
2534613,26-Feb-23,Florida,Pompano Beach,401 NW 27th Ave,2,2,0,0,1,N/A
2534174,26-Feb-23,Tennessee,Memphis,4675 S 3rd St,1,4,0,0,0,N/A
2533625,25-Feb-23,Minnesota,Saint Paul,500 Dale St N,2,3,0,0,1,N/A
2534393,25-Feb-23,Illinois,Machesney Park,1001 West Lane Rd,0,4,0,0,2,N/A
2533920,24-Feb-23,Louisiana,Abbeville,1616 Veterans Memorial Dr,0,4,0,0,2,N/A
2532658,23-Feb-23,Pennsylvania,Philadelphia,2003-05 N 31st St,0,7,0,0,3,N/A
2531512,22-Feb-23,Florida,Orlando,6100 block of Hialeah St,3,2,0,0,1,N/A
2531925,22-Feb-23,Alabama,Daphne,123 block of Melanie Loop,4,0,0,0,1,N/A
2531078,21-Feb-23,Colorado,Colorado Springs,3945 Palmer Park Blvd,0,5,0,0,0,N/A
2529381,19-Feb-23,Illinois,Chicago,I-57 and W 111th St,3,3,0,0,1,N/A
2528691,19-Feb-23,Indiana,Indianapolis,8005 42nd St,0,4,0,0,0,N/A
2528713,19-Feb-23,Tennessee,Memphis,1482 E Shelby Dr,1,10,0,0,2,N/A
2529243,19-Feb-23,Louisiana,New Orleans,St Charles Ave and Terpsichore St,1,4,0,0,1,N/A
2528774,18-Feb-23,Missouri,Saint Louis,410 N Tucker Blvd,0,4,0,0,0,N/A
2528505,18-Feb-23,Georgia,Columbus,3048 Victory Dr,3,1,0,0,1,N/A
2528239,18-Feb-23,South Carolina,Loris,3450 East SC 9 Business,0,4,0,0,0,N/A
2527517,17-Feb-23,Mississippi,Coldwater,3196 Arkabutla Dam Road,6,0,0,0,1,N/A
2528066,17-Feb-23,Georgia,Columbus,4499 Warm Springs Rd Connector,0,9,0,0,2,N/A
2527234,15-Feb-23,Maryland,Baltimore,1400 block of E Fayette St,0,4,0,0,0,N/A
2526362,15-Feb-23,Texas,El Paso,8401 Gateway Blvd W,1,3,0,1,1,N/A
2525382,14-Feb-23,Pennsylvania,Pittsburgh,1101 N Murtland St,0,4,0,0,2,N/A
2525634,14-Feb-23,New York,Buffalo,Crossman Ave and Heminway St,0,5,0,0,0,N/A
2525591,13-Feb-23,New Jersey,Paterson,50 block of 12th Ave,0,4,0,0,0,N/A
2524577,13-Feb-23,Michigan,East Lansing,509 E Circle Dr,3,5,1,0,0,N/A
2523928,12-Feb-23,Mississippi,Louisville,309 E John C Stennis Dr,1,5,0,0,4,N/A
2522649,10-Feb-23,New York,Brooklyn,3222 Mermaid Ave,0,4,0,0,0,N/A
2522557,10-Feb-23,New York,Bronx,631 E Tremont Ave,2,2,0,0,2,N/A
2521084,8-Feb-23,North Carolina,Laurinburg,Marcellus St,0,4,0,0,0,N/A
2521112,8-Feb-23,Louisiana,New Orleans,Bullard Ave and Chef Menteur Hwy,2,4,0,0,0,N/A
2521423,8-Feb-23,North Carolina,Elizabeth City,1000 block of Walker Ave,0,4,0,0,0,N/A
2518860,6-Feb-23,Texas,Corpus Christi,2700 block of Persimmon St,1,3,0,1,3,N/A
2518344,5-Feb-23,Arizona,Tucson,4000 block of E Agate Knoll Dr,1,3,0,0,1,N/A
2518456,5-Feb-23,Arkansas,Newport,400 block of Clay St,1,4,0,0,4,N/A
2518292,5-Feb-23,California,Stockton,1300 block of W Fremont St,1,3,0,0,1,N/A
2518281,5-Feb-23,Colorado,Peyton,12252 Point Reyes Dr,2,3,0,0,0,N/A
2517797,4-Feb-23,Texas,Huntsville,1505 19th St,2,2,0,0,2,N/A
2516494,1-Feb-23,California,Los Angeles,711 E. 108 St,0,5,0,0,0,N/A
2516309,1-Feb-23,Texas,Texas City,8601 Emmett F Lowry Expy,0,4,0,0,0,N/A
2514902,31-Jan-23,North Carolina,Durham,4100 block of Sudbury Rd,2,2,0,0,2,N/A
2514564,30-Jan-23,Florida,Lakeland,923 N Iowa Ave,0,11,0,0,5,N/A
2514220,30-Jan-23,Texas,Dallas,5800 block of Bonnie View Rd,1,3,0,1,1,N/A
2605383,29-Jan-23,Tennessee,Luttrell,380 Clinch Valley Rd,4,0,1,0,0,N/A
2513512,29-Jan-23,Ohio,Columbus,1680 Karl Ct,1,3,0,0,1,N/A
2513575,29-Jan-23,North Carolina,Greensboro,6400 W Market St,1,6,0,0,1,N/A
2513517,28-Jan-23,South Carolina,Andrews,Birch Creek Rd,2,2,0,0,1,N/A
2513496,28-Jan-23,Texas,Austin,12636 Research Blvd,2,3,0,0,1,N/A
2513044,28-Jan-23,California,Beverly Hills,2799 Ellison Dr,3,2,0,0,3,N/A
2513527,28-Jan-23,Pennsylvania,Philadelphia,Knorr St and Loretto Ave,0,4,0,0,0,N/A
2512985,27-Jan-23,California,San Diego,62nd St and Akins Ave,1,4,0,0,1,N/A
2512343,26-Jan-23,New Jersey,Newark,1079 Broad St,1,4,0,0,0,N/A
2512617,26-Jan-23,Pennsylvania,Lancaster,525 N Franklin St,0,4,0,0,0,N/A
2510365,24-Jan-23,North Carolina,Red Springs,100 block of Samuel Dr,3,1,0,0,1,N/A
2509362,23-Jan-23,Illinois,Chicago,2909 E 78th St,2,3,0,0,0,N/A
2510063,23-Jan-23,California,Oakland,5910 MacArthur Blvd,1,4,0,0,2,N/A
2509663,23-Jan-23,California,Half Moon Bay,12761 San Mateo Rd,7,1,0,0,1,N/A
2508522,22-Jan-23,Louisiana,Shreveport,1600 Sugar Ln,1,7,0,0,0,N/A
2508370,22-Jan-23,Louisiana,Baton Rouge,4619 Bennington Ave,0,12,0,0,3,N/A
2508683,22-Jan-23,Mississippi,Robinsonville (Tunica Resorts),1010 Casino Center Dr,0,4,0,0,1,N/A
2507423,21-Jan-23,Arizona,Yuma,1300 block of W 9th St,0,5,0,0,1,N/A
2507836,21-Jan-23,California,Monterey Park,122 W Garvey Ave,11,9,1,0,0,N/A
2504645,17-Jan-23,Texas,Houston,6729 Lockwood Dr,0,4,0,0,0,N/A
2503649,16-Jan-23,Florida,Fort Pierce,1211 Ave M,1,7,0,0,1,N/A
2503345,16-Jan-23,California,Goshen,Harvest Ave and Rd 68,6,0,0,0,2,N/A
2503245,16-Jan-23,Florida,Sanford,Rinehart Rd and Co Rd 46A,1,5,0,0,14,N/A
2503058,15-Jan-23,Illinois,Rockford,2311 23rd St,3,1,0,1,0,N/A
2502680,15-Jan-23,Texas,Houston,5121 FM 1960 Rd W,1,4,0,0,0,N/A
2503178,15-Jan-23,Florida,Homestead,700 block of SW Sixth St,1,3,0,0,0,N/A
2503197,15-Jan-23,Arizona,Phoenix,S 46th Pl and E Broadway Rd,0,4,0,0,0,N/A
2502550,14-Jan-23,Missouri,Saint Louis (Moline Acres),Berwyn Dr and Lanier Dr,0,4,0,0,0,N/A
2501869,13-Jan-23,Ohio,Cleveland,3719 Mack Ct,4,1,0,0,1,N/A
2499119,9-Jan-23,Minnesota,Minneapolis,2218 E Lake St,0,4,0,0,0,N/A
2499381,9-Jan-23,Pennsylvania,Philadelphia,3300 block of Guilford St,3,1,0,0,1,N/A
2498792,9-Jan-23,Colorado,Denver,18th St and Blake St,0,4,0,0,0,N/A
2498013,8-Jan-23,Minnesota,Minneapolis,930 Hennepin Ave,0,4,0,0,0,N/A
2499425,8-Jan-23,Georgia,Albany,1021 S McKinley St,0,4,0,0,0,N/A
2497502,7-Jan-23,North Carolina,High Point,2734 Mossy Meadow Dr,4,0,1,0,0,N/A
2497948,7-Jan-23,Alabama,Huntsville,2817 Hwy 72 E,2,9,0,0,3,N/A
2496714,6-Jan-23,Texas,Dallas,8544 Lazy Acres Cir,3,2,0,0,1,N/A
2497164,6-Jan-23,California,San Francisco,600 block of Valencia St,1,3,0,0,0,N/A
2496431,5-Jan-23,Louisiana,New Orleans,St Andrew St and Rev John Raphael Jr Way,2,3,0,0,0,N/A
2496391,5-Jan-23,Florida,Miami Gardens,17647 NW 27th Ave,0,10,0,0,0,N/A
2494934,4-Jan-23,Maryland,Baltimore,4408 Edmondson Ave,1,4,0,0,2,N/A
2495648,4-Jan-23,Utah,Cedar City (Enoch),4923 N Albert Dr,7,0,1,0,0,N/A
2495059,4-Jan-23,Virginia,Dumfries,17900 block of Milroy Dr,1,4,0,0,1,N/A
2494425,3-Jan-23,Louisiana,New Orleans,2600 block of S Rocheblave St,0,4,0,0,0,N/A
2494254,3-Jan-23,District of Columbia,Washington,6200 block of Georgia Ave NW,1,3,0,0,0,N/A
2497601,1-Jan-23,Florida,Miami Gardens,NW 171st St and NW 30th Ave,0,9,0,0,0,N/A
2492601,1-Jan-23,Illinois,Chicago,300 block of E 57th St,1,3,0,0,0,N/A
2492611,1-Jan-23,North Carolina,Durham,1000 N Miami Blvd,0,5,0,0,0,N/A
2493102,1-Jan-23,Pennsylvania,Allentown,1140 E Clair St,0,4,0,0,0,N/A
2492448,1-Jan-23,Florida,Ocala,1600 block of SW 5th St,2,4,0,0,1,N/A
2492314,1-Jan-23,Ohio,Columbus,2830 Johnstown Rd,1,4,0,0,2,N/A
